Epoch,Best Candidate,Mean Fitness,
0,6,0.052,
1,9,0.11,
2,9,0.21,
3,9,0.388,
4,11,0.702,
5,15,1.256,
6,15,2.016,
7,45,3.074,
8,54,4.72,
9,54,6.934,
10,54,10.012,
11,63,13.928,
12,66,19.012,
13,76,25.68,
14,92,32.246,
15,92,38.226,
16,96,45.586,
17,106,50.59,
18,115,56.384,
19,136,61.464,
20,143,67.33,
21,143,72.43,
22,158,79.936,
23,158,85.822,
24,224,93.03,
25,224,100.836,
26,234,108.998,
27,234,118.218,
28,234,127.848,
29,253,138.748,
30,257,147.698,
31,272,158.572,
32,279,165.796,
33,279,175.47,
34,280,183.396,
35,297,193.172,
36,301,201.482,
37,301,209.742,
38,303,217.902,
39,311,220.646,
40,311,224.094,
41,330,228.816,
42,343,239.058,
43,388,240.876,
44,388,248.906,
45,388,252.63,
46,398,258.15,
47,398,262.014,
48,413,270.596,
49,413,283.246,
50,413,293.458,
51,422,302.384,
52,422,310.23,
53,425,321.462,
54,425,329.998,
55,437,335.604,
56,441,335.942,
57,441,339.74,
58,441,343.516,
59,441,348.784,
60,445,354.276,
61,445,357.078,
62,450,361.848,
63,460,364.178,
64,469,363.354,
65,469,369.922,
66,469,373.03,
67,472,376.89,
68,482,383.304,
69,482,389.396,
70,482,392.972,
71,490,400.396,
72,497,407.514,
73,502,403.538,
74,502,409.018,
75,510,410.278,
76,510,414.364,
77,510,412.656,
78,512,415.776,
79,512,412.816,
80,512,420.204,
81,512,428.1,
82,516,429.56,
83,520,435.61,
84,523,441.852,
85,523,443.464,
86,523,451.762,
87,528,452.146,
88,528,450.498,
89,531,452.366,
90,537,458.33,
91,537,458.498,
92,537,461.292,
93,537,461.23,
94,537,459.356,
95,540,456.544,
96,540,460.648,
97,543,458.32,
98,547,461.23,
99,547,458.428,
100,547,453.596,
101,547,452.542,
102,547,453.858,
103,547,458.038,
104,547,465.968,
105,547,464.17,
106,547,467.572,
107,547,467.13,
108,551,466.878,
109,551,468.354,
110,551,463.982,
111,551,468.344,
112,551,476.3,
113,551,476.014,
114,557,478.666,
115,557,478.668,
116,570,474.824,
117,570,481.164,
118,570,479.756,
119,570,471.158,
120,570,472.486,
121,573,474.472,
122,573,480.602,
123,573,483.782,
124,573,483.018,
125,573,486.704,
126,573,490.244,
127,573,496.104,
128,573,488.236,
129,574,489.906,
130,574,489.35,
131,574,497.174,
132,574,488.208,
133,574,490.99,
134,574,500.064,
135,574,494.42,
136,575,498.068,
137,575,499.898,
138,575,495.012,
139,575,500.418,
140,575,507.33,
141,575,503.91,
142,575,499.534,
143,575,504.798,
144,575,505.97,
145,575,501.748,
146,575,505.922,
147,575,503.814,
148,577,505.888,
149,577,504.988,
150,577,504.708,
151,577,509.256,
152,578,507.488,
153,579,505.348,
154,580,507.268,
155,580,510.284,
156,580,507.752,
157,581,508.344,
158,581,504.776,
159,581,505.654,
160,582,510.85,
161,582,508.222,
162,582,503.824,
163,582,513.4,
164,582,517.244,
165,585,510.104,
166,585,511.902,
167,585,504.564,
168,585,510.99,
169,585,507.52,
170,585,506.406,
171,585,509.33,
172,585,511.368,
173,588,515.596,
174,588,515.026,
175,588,512.724,
176,593,514.62,
177,593,520.018,
178,594,520.194,
179,594,521.41,
180,594,519.414,
181,594,518.502,
182,594,520.14,
183,594,518.658,
184,594,519.728,
185,595,520.394,
186,595,522.348,
187,595,515.488,
188,597,520.954,
189,597,517.742,
190,597,515.866,
191,597,516.732,
192,597,517.272,
193,598,513.258,
194,601,525.532,
195,601,522.074,
196,602,523.806,
197,602,522.716,
198,602,522.648,
199,602,525.25,
200,602,521.686,
201,602,526.158,
202,602,526.294,
203,602,521.412,
204,602,522.116,
205,606,523.974,
206,606,525.66,
207,606,529.764,
208,606,530.614,
209,606,528.09,
210,606,528.046,
211,606,528.268,
212,606,532.058,
213,606,533.442,
214,606,530.31,
215,606,525.876,
216,606,528.1,
217,606,528.656,
218,606,530.428,
219,606,531.064,
220,606,537.274,
221,606,531.794,
222,606,530.532,
223,607,523.484,
224,608,528.874,
225,608,532.384,
226,608,532.276,
227,611,531.034,
228,611,528.282,
229,611,530.554,
230,611,526.89,
231,611,533.946,
232,611,528.628,
233,611,529.93,
234,611,533.284,
235,611,538.294,
236,611,538.618,
237,611,536.99,
238,614,536.75,
239,614,532.648,
240,614,536.186,
241,614,534.704,
242,614,530.236,
243,614,535.568,
244,614,534.41,
245,614,533.116,
246,614,538.512,
247,614,542.636,
248,614,539.102,
249,614,537.66,
250,614,536.734,
251,614,536.362,
252,616,541.2,
253,616,544.584,
254,616,544.886,
255,616,551.728,
256,616,541.444,
257,616,542.824,
258,618,545.492,
259,618,547.25,
260,618,549.372,
261,618,548.864,
262,618,550.89,
263,622,549.774,
264,622,549.978,
265,622,543.036,
266,622,545.952,
267,622,545.288,
268,622,543.338,
269,622,544.958,
270,622,548.766,
271,622,547.938,
272,622,547.924,
273,622,544.592,
274,622,550.63,
275,622,551.234,
276,622,548.038,
277,622,552.12,
278,622,554.874,
279,622,550.558,
280,622,550.078,
281,622,556.776,
282,623,556.11,
283,623,558.13,
284,623,559.908,
285,623,558.104,
286,623,553.594,
287,623,560.504,
288,623,554.462,
289,623,560.59,
290,623,555.784,
291,623,549.578,
292,623,558.784,
293,623,552.84,
294,623,551.432,
295,623,547.894,
296,623,547.87,
297,623,554.362,
298,623,544.372,
299,623,546.05,
300,623,543.712,
301,623,548.808,
302,623,547.98,
303,623,546.23,
304,623,540.5,
305,623,546.226,
306,623,547.774,
307,623,548.376,
308,623,549.124,
309,623,553.324,
310,623,557.444,
311,623,560.078,
312,625,557.802,
313,625,557.052,
314,625,551.31,
315,625,556.958,
316,625,558.398,
317,625,559.966,
318,625,560.698,
319,625,558.53,
320,625,556.524,
321,625,560.196,
322,625,558.684,
323,625,559.134,
324,625,565.306,
325,628,568.858,
326,628,556.94,
327,628,555.1,
328,628,552.666,
329,628,552.836,
330,628,557.67,
331,628,556.604,
332,628,563.26,
333,628,560.942,
334,628,559.122,
335,628,559.264,
336,628,555.45,
337,629,546.058,
338,629,545.23,
339,629,549.616,
340,629,549.144,
341,629,550.132,
342,629,556.054,
343,629,556.496,
344,629,551.404,
345,629,553.728,
346,629,553.828,
347,629,550.998,
348,629,552.992,
349,629,553.524,
350,629,554.47,
351,629,553.902,
352,629,552.26,
353,629,548.622,
354,629,554.584,
355,629,550.52,
356,629,555.324,
357,629,555.24,
358,629,553.598,
359,629,550.244,
360,629,552.102,
361,629,555.906,
362,629,555.192,
363,629,563.028,
364,629,555.838,
365,629,563.874,
366,629,565.818,
367,629,561.084,
368,629,551.188,
369,629,553.07,
370,629,556.106,
371,629,558.314,
372,629,559.266,
373,629,554.95,
374,629,555.552,
375,629,555.048,
376,629,557.554,
377,629,553.298,
378,629,554.43,
379,629,562.688,
380,629,559.128,
381,629,554.022,
382,629,555.538,
383,629,561.236,
384,629,559.91,
385,630,560.726,
386,630,561.87,
387,631,559.632,
388,631,562.414,
389,631,564.492,
390,631,564.69,
391,631,557.44,
392,631,561.278,
393,631,560.866,
394,631,558.432,
395,631,560.054,
396,631,564.73,
397,631,559.914,
398,631,562.948,
399,631,565.918,
400,631,561.828,
401,631,566.828,
402,631,561.79,
403,631,564.448,
404,631,563.844,
405,631,564.424,
406,631,564.182,
407,631,563.0,
408,631,571.08,
409,631,570.832,
410,631,576.186,
411,631,578.064,
412,631,574.506,
413,631,570.54,
414,633,571.064,
415,633,569.958,
416,633,565.012,
417,633,562.684,
418,633,567.218,
419,633,564.492,
420,633,564.438,
421,633,564.886,
422,633,568.058,
423,633,564.14,
424,633,565.064,
425,633,558.164,
426,633,561.134,
427,633,565.386,
428,633,565.852,
429,633,558.404,
430,634,558.358,
431,634,557.13,
432,634,550.662,
433,635,558.368,
434,635,559.224,
435,635,562.124,
436,635,559.894,
437,635,558.954,
438,635,556.96,
439,635,559.862,
440,635,555.66,
441,635,562.682,
442,635,566.294,
443,635,567.868,
444,635,560.088,
445,635,569.098,
446,635,561.098,
447,635,563.576,
448,635,564.134,
449,635,566.442,
450,635,562.056,
451,635,563.416,
452,635,561.15,
453,635,563.45,
454,635,561.962,
455,635,558.134,
456,636,556.87,
457,636,560.404,
458,636,563.308,
459,636,556.8,
460,636,558.87,
461,636,563.498,
462,636,559.438,
463,636,553.346,
464,636,554.728,
465,636,556.872,
466,636,564.626,
467,636,562.492,
468,636,561.31,
469,636,565.15,
470,636,564.654,
471,636,562.734,
472,636,563.264,
473,636,560.218,
474,636,565.978,
475,636,562.238,
476,636,557.676,
477,636,560.468,
478,636,561.758,
479,636,566.222,
480,636,560.674,
481,636,564.956,
482,636,570.13,
483,637,564.372,
484,637,562.554,
485,638,573.696,
486,638,570.536,
487,638,571.24,
488,638,566.692,
489,638,566.85,
490,638,567.134,
491,638,561.16,
492,638,563.838,
493,638,555.732,
494,638,554.544,
495,638,551.496,
496,638,560.096,
497,638,555.002,
498,638,563.206,
499,638,560.898,
500,638,565.006,
501,638,567.934,
502,638,571.22,
503,638,568.984,
504,638,565.904,
505,638,565.524,
506,638,559.72,
507,638,561.298,
508,638,563.838,
509,638,564.482,
510,639,570.856,
511,639,570.628,
512,640,570.862,
513,640,571.942,
514,640,571.224,
515,641,570.91,
516,641,567.47,
517,641,573.78,
518,641,565.23,
519,641,569.126,
520,641,573.636,
521,641,567.108,
522,641,564.058,
523,641,566.53,
524,641,569.032,
525,641,562.274,
526,641,572.168,
527,641,572.312,
528,641,571.802,
529,641,566.338,
530,641,571.322,
531,643,558.494,
532,643,559.71,
533,643,564.524,
534,643,569.502,
535,643,572.7,
536,643,569.886,
537,643,569.48,
538,643,575.26,
539,643,572.136,
540,643,575.338,
541,643,582.206,
542,643,589.272,
543,643,587.394,
544,643,585.37,
545,643,579.59,
546,643,584.406,
547,643,579.224,
548,643,572.662,
549,643,574.394,
550,644,579.932,
551,644,571.52,
552,644,576.094,
553,644,573.554,
554,644,571.576,
555,644,575.564,
556,644,571.116,
557,644,565.646,
558,644,570.924,
559,644,565.474,
560,644,566.672,
561,644,564.624,
562,644,565.842,
563,644,567.074,
564,644,570.906,
565,644,564.81,
566,644,565.932,
567,644,567.272,
568,644,563.09,
569,644,560.628,
570,644,572.344,
571,644,569.448,
572,644,572.842,
573,644,575.548,
574,644,573.004,
575,644,579.642,
576,644,568.85,
577,644,574.582,
578,644,570.856,
579,644,575.86,
580,644,570.518,
581,644,576.616,
582,644,577.236,
583,644,580.03,
584,644,581.284,
585,644,582.12,
586,644,578.18,
587,644,580.402,
588,644,571.938,
589,644,572.998,
590,644,576.09,
591,644,575.506,
592,644,572.31,
593,644,574.722,
594,644,577.92,
595,644,576.19,
596,644,567.434,
597,644,570.572,
598,644,571.716,
599,644,577.128,
600,644,575.738,
601,644,572.51,
602,644,563.832,
603,644,564.968,
604,644,569.39,
605,644,572.49,
606,644,567.482,
607,644,568.694,
608,644,565.364,
609,644,566.092,
610,644,565.766,
611,644,565.362,
612,644,565.7,
613,644,564.492,
614,644,562.466,
615,644,564.508,
616,644,570.014,
617,644,568.79,
618,644,570.634,
619,644,565.644,
620,644,565.25,
621,644,564.588,
622,644,569.454,
623,644,562.804,
624,644,574.966,
625,644,568.39,
626,644,563.944,
627,644,567.046,
628,644,573.924,
629,644,576.762,
630,644,573.322,
631,644,567.992,
632,644,574.116,
633,644,574.766,
634,644,572.86,
635,644,573.212,
636,644,571.08,
637,644,576.0,
638,644,573.022,
639,646,573.35,
640,646,574.264,
641,646,577.556,
642,646,573.392,
643,646,572.294,
644,646,574.896,
645,646,569.392,
646,646,567.02,
647,646,571.664,
648,646,569.044,
649,646,572.08,
650,646,574.056,
651,646,570.308,
652,646,575.536,
653,646,569.572,
654,646,573.2,
655,646,576.852,
656,646,573.644,
657,646,577.344,
658,646,571.244,
659,646,573.96,
660,646,570.294,
661,646,565.346,
662,646,567.806,
663,646,567.378,
664,646,564.766,
665,646,570.192,
666,646,572.574,
667,646,571.456,
668,646,573.654,
669,646,575.468,
670,646,575.822,
671,646,577.028,
672,646,574.596,
673,646,575.572,
674,646,583.13,
675,646,581.374,
676,646,585.148,
677,646,573.554,
678,646,571.228,
679,646,573.302,
680,646,575.58,
681,646,583.822,
682,646,583.336,
683,646,581.782,
684,646,573.118,
685,646,562.608,
686,647,569.508,
687,647,568.162,
688,647,569.538,
689,647,573.142,
690,647,571.952,
691,648,567.972,
692,648,573.55,
693,648,579.658,
694,648,578.26,
695,648,580.372,
696,648,573.968,
697,648,570.48,
698,648,575.434,
699,648,573.808,
700,648,571.678,
701,648,574.806,
702,648,567.992,
703,648,570.758,
704,648,581.628,
705,648,576.97,
706,648,570.138,
707,648,573.35,
708,648,578.522,
709,648,571.696,
710,648,575.82,
711,648,573.786,
712,648,566.444,
713,648,570.082,
714,648,569.258,
715,648,571.136,
716,648,574.396,
717,648,568.39,
718,648,573.624,
719,648,572.304,
720,648,564.106,
721,648,561.954,
722,648,563.156,
723,648,562.216,
724,648,570.382,
725,648,573.572,
726,648,566.562,
727,648,571.042,
728,648,570.508,
729,648,566.978,
730,648,562.418,
731,648,560.67,
732,649,564.058,
733,649,571.718,
734,649,565.26,
735,649,568.596,
736,649,576.686,
737,649,573.632,
738,649,568.964,
739,649,571.19,
740,649,570.016,
741,649,567.694,
742,649,567.594,
743,649,571.894,
744,649,568.134,
745,649,572.206,
746,649,568.914,
747,649,571.74,
748,649,573.29,
749,649,573.402,
750,649,574.556,
751,649,573.322,
752,649,570.024,
753,649,572.04,
754,649,571.136,
755,649,578.258,
756,649,571.478,
757,649,577.004,
758,649,575.65,
759,650,573.942,
760,650,565.896,
761,650,567.458,
762,650,567.532,
763,650,568.424,
764,650,571.524,
765,650,568.038,
766,650,572.308,
767,650,567.198,
768,650,567.586,
769,650,567.452,
770,650,563.114,
771,650,562.62,
772,650,560.804,
773,650,560.838,
774,650,565.06,
775,650,567.5,
776,650,573.478,
777,651,578.334,
778,651,577.968,
779,651,578.048,
780,651,572.542,
781,651,575.08,
782,651,574.62,
783,651,580.272,
784,651,583.07,
785,651,585.28,
786,651,575.766,
787,651,572.316,
788,651,574.492,
789,651,572.38,
790,651,568.296,
791,651,566.952,
792,651,564.458,
793,651,566.614,
794,651,570.21,
795,652,566.754,
796,652,563.99,
797,652,562.96,
798,652,557.176,
799,652,566.702,
800,652,571.566,
801,652,576.484,
802,652,573.466,
803,652,579.94,
804,652,569.692,
805,652,567.032,
806,652,574.63,
807,652,577.502,
808,652,576.562,
809,652,575.444,
810,652,578.1,
811,652,581.864,
812,652,579.51,
813,652,579.13,
814,652,574.322,
815,652,576.34,
816,652,572.336,
817,652,568.874,
818,652,569.634,
819,652,573.976,
820,652,572.09,
821,652,579.186,
822,652,581.946,
823,652,580.826,
824,652,574.37,
825,652,579.686,
826,652,576.928,
827,652,573.018,
828,654,574.494,
829,654,576.066,
830,654,578.38,
831,654,580.446,
832,654,580.352,
833,654,581.138,
834,654,578.782,
835,654,576.872,
836,654,573.5,
837,654,574.248,
838,654,573.846,
839,654,573.646,
840,654,578.304,
841,654,574.436,
842,654,574.378,
843,654,578.166,
844,654,580.64,
845,654,583.608,
846,654,578.964,
847,654,574.974,
848,654,578.852,
849,654,575.924,
850,654,579.62,
851,654,577.51,
852,654,574.482,
853,654,575.646,
854,654,574.374,
855,654,578.53,
856,654,573.752,
857,654,575.364,
858,654,573.366,
859,654,572.072,
860,654,577.788,
861,654,575.684,
862,654,579.134,
863,654,578.342,
864,654,577.24,
865,654,571.816,
866,654,578.23,
867,654,576.704,
868,654,577.882,
869,654,578.06,
870,654,576.004,
871,654,577.316,
872,654,575.48,
873,654,577.52,
874,654,584.174,
875,654,571.38,
876,654,575.148,
877,654,577.942,
878,654,579.522,
879,654,576.434,
880,654,577.438,
881,654,582.404,
882,654,583.11,
883,654,586.96,
884,655,589.556,
885,655,583.328,
886,655,580.272,
887,655,574.056,
888,655,573.786,
889,655,576.184,
890,655,568.55,
891,655,569.812,
892,655,573.738,
893,655,572.75,
894,655,573.18,
895,655,582.928,
896,655,580.164,
897,655,581.922,
898,655,578.266,
899,655,584.068,
900,655,587.0,
901,655,583.816,
902,655,579.232,
903,655,578.68,
904,655,576.086,
905,655,575.558,
906,657,579.15,
907,657,578.882,
908,657,576.34,
909,657,577.694,
910,657,569.79,
911,657,576.314,
912,657,578.166,
913,658,568.242,
914,658,572.364,
915,658,575.32,
916,658,578.36,
917,658,574.838,
918,658,575.036,
919,658,581.796,
920,658,580.536,
921,658,578.548,
922,658,583.216,
923,658,580.408,
924,658,576.796,
925,658,580.038,
926,659,580.08,
927,659,582.618,
928,659,575.612,
929,659,579.042,
930,659,572.074,
931,659,572.312,
932,662,578.468,
933,662,576.424,
934,662,576.138,
935,662,572.952,
936,662,580.026,
937,662,575.242,
938,665,574.034,
939,665,572.568,
940,669,575.208,
941,669,581.06,
942,669,577.9,
943,669,583.06,
944,669,577.374,
945,669,579.016,
946,669,574.702,
947,669,579.876,
948,669,580.584,
949,669,582.53,
950,670,574.82,
951,670,573.906,
952,670,580.346,
953,676,579.158,
954,676,577.732,
955,676,578.774,
956,676,581.288,
957,676,583.402,
958,676,586.67,
959,676,581.616,
960,676,569.862,
961,676,578.174,
962,676,580.906,
963,676,583.248,
964,676,586.29,
965,676,583.01,
966,676,585.846,
967,676,584.838,
968,676,577.738,
969,680,579.198,
970,680,582.862,
971,680,582.066,
972,680,578.77,
973,680,574.958,
974,680,575.864,
975,680,587.606,
976,680,585.404,
977,680,580.262,
978,680,584.458,
979,680,583.032,
980,680,586.784,
981,680,572.53,
982,680,582.336,
983,680,575.04,
984,680,580.3,
985,680,576.356,
986,680,573.94,
987,680,578.242,
988,680,581.616,
989,680,574.62,
990,680,577.872,
991,680,575.282,
992,680,578.888,
993,680,577.994,
994,680,574.602,
995,680,574.198,
996,680,577.544,
997,680,578.582,
998,680,584.532,
999,680,582.718,
1000,680,586.93,
1001,680,584.102,
1002,680,588.462,
1003,680,584.6,
1004,680,590.084,
1005,680,585.158,
1006,680,586.164,
1007,683,583.534,
1008,683,587.158,
1009,683,588.53,
1010,683,589.978,
1011,683,588.574,
1012,683,585.356,
1013,683,578.802,
1014,683,580.022,
1015,683,573.748,
1016,683,576.986,
1017,683,584.374,
1018,683,584.748,
1019,683,585.114,
1020,683,576.952,
1021,683,577.522,
1022,683,576.582,
1023,683,581.494,
1024,683,584.27,
1025,683,582.82,
1026,683,578.662,
1027,683,578.07,
1028,683,582.67,
1029,683,576.974,
1030,683,573.724,
1031,683,574.108,
1032,683,578.702,
1033,683,579.868,
1034,684,585.452,
1035,684,584.134,
1036,684,581.638,
1037,684,572.834,
1038,684,580.35,
1039,684,577.862,
1040,684,581.126,
1041,684,578.332,
1042,684,580.472,
1043,684,580.75,
1044,684,584.696,
1045,684,588.012,
1046,684,584.168,
1047,684,582.486,
1048,684,583.312,
1049,685,587.92,
1050,685,584.674,
1051,685,585.188,
1052,685,588.246,
1053,685,588.006,
1054,685,585.878,
1055,685,592.842,
1056,685,594.086,
1057,685,588.602,
1058,685,589.15,
1059,685,587.94,
1060,685,581.136,
1061,685,581.962,
1062,685,579.032,
1063,685,586.256,
1064,685,575.416,
1065,685,577.102,
1066,685,578.312,
1067,685,584.382,
1068,685,584.176,
1069,685,586.186,
1070,685,580.454,
1071,685,576.588,
1072,685,582.5,
1073,685,582.872,
1074,685,579.106,
1075,685,584.604,
1076,685,582.864,
1077,685,580.732,
1078,685,583.424,
1079,685,581.114,
1080,685,580.032,
1081,685,583.338,
1082,686,582.718,
1083,686,583.954,
1084,686,582.054,
1085,686,584.776,
1086,686,584.694,
1087,686,584.474,
1088,686,582.696,
1089,686,584.106,
1090,686,579.854,
1091,686,582.492,
1092,686,591.116,
1093,686,589.556,
1094,686,585.632,
1095,686,582.468,
1096,686,591.564,
1097,686,586.9,
1098,686,586.196,
1099,686,587.042,
1100,686,591.42,
1101,686,578.27,
1102,686,584.938,
1103,686,587.374,
1104,686,593.474,
1105,686,589.994,
1106,686,580.716,
1107,686,585.222,
1108,686,588.406,
1109,686,592.018,
1110,686,587.762,
1111,686,586.762,
1112,686,592.842,
1113,686,584.536,
1114,686,578.48,
1115,687,584.652,
1116,687,587.416,
1117,687,583.794,
1118,687,583.518,
1119,687,587.288,
1120,687,588.59,
1121,687,585.86,
1122,687,586.5,
1123,687,588.232,
1124,687,586.732,
1125,687,595.83,
1126,687,591.674,
1127,687,591.386,
1128,687,591.258,
1129,687,596.338,
1130,687,601.74,
1131,687,591.664,
1132,687,591.358,
1133,687,591.578,
1134,687,594.114,
1135,687,588.732,
1136,687,591.894,
1137,687,592.836,
1138,687,585.164,
1139,687,588.916,
1140,687,588.968,
1141,687,584.316,
1142,687,584.406,
1143,687,589.84,
1144,687,579.444,
1145,688,585.722,
1146,689,588.142,
1147,689,599.258,
1148,689,594.91,
1149,689,597.194,
1150,689,599.692,
1151,689,597.016,
1152,689,598.534,
1153,689,597.344,
1154,689,600.01,
1155,689,603.048,
1156,689,595.702,
1157,689,590.242,
1158,689,586.802,
1159,689,589.012,
1160,689,586.416,
1161,689,590.502,
1162,689,590.642,
1163,689,584.928,
1164,689,596.172,
1165,690,593.11,
1166,690,592.226,
1167,690,596.564,
1168,690,598.284,
1169,690,590.456,
1170,690,583.068,
1171,690,583.502,
1172,690,592.472,
1173,690,597.678,
1174,690,595.504,
1175,690,597.194,
1176,690,589.9,
1177,690,586.76,
1178,690,590.302,
1179,690,594.616,
1180,690,593.7,
1181,690,589.936,
1182,690,582.25,
1183,690,587.284,
1184,690,588.428,
1185,690,589.266,
1186,690,588.71,
1187,690,587.686,
1188,690,590.442,
1189,690,592.39,
1190,690,595.994,
1191,690,596.65,
1192,690,591.2,
1193,692,588.024,
1194,692,586.024,
1195,692,585.8,
1196,692,587.59,
1197,692,592.162,
1198,692,590.47,
1199,692,594.352,
1200,693,594.016,
1201,693,588.854,
1202,693,587.118,
1203,693,587.944,
1204,693,583.974,
1205,693,577.626,
1206,693,579.21,
1207,693,575.674,
1208,693,575.36,
1209,693,580.094,
1210,693,582.428,
1211,693,582.05,
1212,693,578.452,
1213,693,576.726,
1214,693,571.57,
1215,693,574.412,
1216,693,577.792,
1217,693,580.838,
1218,693,574.998,
1219,693,580.622,
1220,693,579.256,
1221,693,586.274,
1222,693,593.54,
1223,693,589.752,
1224,693,589.642,
1225,693,586.422,
1226,693,590.392,
1227,693,591.794,
1228,694,587.306,
1229,694,588.324,
1230,694,592.396,
1231,694,591.374,
1232,694,589.912,
1233,694,590.656,
1234,694,586.92,
1235,694,583.29,
1236,694,585.36,
1237,694,586.472,
1238,694,592.194,
1239,694,598.638,
1240,694,594.184,
1241,694,588.36,
1242,694,585.16,
1243,694,589.502,
1244,694,594.492,
1245,694,596.436,
1246,694,597.1,
1247,694,591.716,
1248,694,592.034,
1249,694,589.93,
1250,694,590.262,
1251,694,589.464,
1252,694,593.846,
1253,694,598.398,
1254,694,598.98,
1255,694,591.006,
1256,694,590.038,
1257,694,587.364,
1258,694,591.362,
1259,694,599.586,
1260,694,596.448,
1261,694,596.918,
1262,702,596.166,
1263,702,593.984,
1264,702,600.324,
1265,702,601.604,
1266,703,596.604,
1267,703,598.59,
1268,703,597.11,
1269,703,589.372,
1270,703,593.948,
1271,703,592.718,
1272,703,597.442,
1273,703,595.388,
1274,703,601.47,
1275,703,594.298,
1276,703,600.502,
1277,703,605.804,
1278,703,602.08,
1279,704,602.528,
1280,704,601.318,
1281,704,597.11,
1282,704,598.28,
1283,704,592.376,
1284,704,595.812,
1285,704,592.364,
1286,704,593.248,
1287,704,592.204,
1288,704,586.04,
1289,704,591.866,
1290,704,591.776,
1291,704,590.5,
1292,704,586.442,
1293,704,589.698,
1294,704,590.3,
1295,704,588.128,
1296,704,597.668,
1297,704,599.072,
1298,704,605.69,
1299,704,601.416,
1300,704,601.782,
1301,704,596.922,
1302,704,596.986,
1303,704,600.45,
1304,704,598.794,
1305,704,594.818,
1306,704,593.77,
1307,704,587.212,
1308,704,584.008,
1309,704,591.354,
1310,704,587.834,
1311,704,592.168,
1312,704,585.2,
1313,704,590.102,
1314,704,593.274,
1315,704,593.242,
1316,704,596.042,
1317,704,594.188,
1318,704,596.692,
1319,708,593.53,
1320,709,595.074,
1321,709,587.572,
1322,709,586.036,
1323,709,588.416,
1324,709,585.91,
1325,710,581.458,
1326,710,581.442,
1327,710,587.502,
1328,710,588.128,
1329,710,588.298,
1330,710,582.616,
1331,710,578.528,
1332,710,587.632,
1333,711,587.586,
1334,711,587.964,
1335,711,583.34,
1336,711,581.166,
1337,711,583.292,
1338,711,585.51,
1339,711,583.696,
1340,711,589.036,
1341,711,585.378,
1342,711,589.224,
1343,712,591.726,
1344,718,595.146,
1345,718,598.132,
1346,718,584.794,
1347,718,586.046,
1348,718,590.18,
1349,718,594.448,
1350,724,589.704,
1351,724,586.822,
1352,724,583.726,
1353,724,578.424,
1354,724,575.756,
1355,724,584.928,
1356,724,589.42,
1357,724,583.476,
1358,724,588.066,
1359,724,587.88,
1360,724,589.184,
1361,724,594.244,
1362,724,593.144,
1363,724,586.962,
1364,724,585.678,
1365,724,589.07,
1366,724,587.118,
1367,724,592.71,
1368,724,590.526,
1369,724,585.532,
1370,724,588.524,
1371,724,590.962,
1372,724,587.992,
1373,724,589.702,
1374,724,588.276,
1375,724,586.51,
1376,725,585.224,
1377,726,588.994,
1378,726,590.348,
1379,726,593.386,
1380,726,588.514,
1381,726,592.618,
1382,739,582.076,
1383,739,593.128,
1384,739,590.948,
1385,739,584.004,
1386,739,590.236,
1387,739,589.778,
1388,739,598.23,
1389,739,599.448,
1390,739,596.72,
1391,739,594.652,
1392,739,598.93,
1393,739,595.572,
1394,739,589.7,
1395,739,586.18,
1396,739,588.57,
1397,739,593.498,
1398,739,605.064,
1399,739,607.192,
1400,739,603.148,
1401,740,603.448,
1402,740,603.082,
1403,740,597.48,
1404,740,599.708,
1405,740,592.37,
1406,740,602.046,
1407,743,596.426,
1408,743,596.218,
1409,744,598.89,
1410,744,604.074,
1411,744,607.038,
1412,744,609.968,
1413,744,609.694,
1414,744,612.42,
1415,744,611.102,
1416,744,604.618,
1417,746,606.126,
1418,746,607.82,
1419,746,605.646,
1420,746,607.346,
1421,746,608.202,
1422,746,607.336,
1423,746,607.098,
1424,746,609.236,
1425,746,616.38,
1426,746,608.724,
1427,746,608.612,
1428,746,612.236,
1429,746,604.306,
1430,746,611.564,
1431,746,614.646,
1432,746,609.62,
1433,746,608.162,
1434,746,604.532,
1435,746,607.408,
1436,746,598.164,
1437,746,597.348,
1438,746,603.594,
1439,748,606.42,
1440,748,608.552,
1441,748,603.852,
1442,748,602.458,
1443,748,599.376,
1444,748,600.782,
1445,748,603.764,
1446,748,603.222,
1447,748,602.59,
1448,748,600.686,
1449,748,605.056,
1450,748,599.596,
1451,748,596.186,
1452,748,602.484,
1453,748,607.156,
1454,748,607.078,
1455,748,606.772,
1456,748,603.106,
1457,748,602.162,
1458,748,604.356,
1459,748,602.622,
1460,748,594.736,
1461,748,603.092,
1462,748,608.666,
1463,748,602.756,
1464,748,608.92,
1465,748,603.112,
1466,748,604.28,
1467,748,610.198,
1468,748,605.054,
1469,748,608.896,
1470,748,608.662,
1471,748,614.602,
1472,748,608.916,
1473,748,601.688,
1474,748,607.182,
1475,748,613.106,
1476,748,610.546,
1477,748,615.876,
1478,748,618.548,
1479,748,625.058,
1480,748,620.558,
1481,748,626.072,
1482,748,625.55,
1483,748,624.314,
1484,748,614.96,
1485,748,613.214,
1486,749,613.736,
1487,749,605.82,
1488,749,607.578,
1489,749,606.942,
1490,749,602.77,
1491,749,608.91,
1492,749,602.46,
1493,749,596.076,
1494,749,603.038,
1495,749,605.186,
1496,749,614.192,
1497,749,608.356,
1498,749,610.924,
1499,749,613.28,
1500,749,610.678,
1501,749,608.332,
1502,749,609.114,
1503,749,609.72,
1504,749,606.856,
1505,749,605.418,
1506,749,603.554,
1507,749,604.648,
1508,749,610.504,
1509,749,612.63,
1510,749,616.512,
1511,749,612.092,
1512,749,616.15,
1513,749,611.89,
1514,749,610.522,
1515,749,615.394,
1516,749,616.898,
1517,749,618.966,
1518,749,611.976,
1519,749,612.522,
1520,749,612.294,
1521,749,614.784,
1522,749,611.634,
1523,749,615.088,
1524,749,618.956,
1525,749,622.952,
1526,749,623.806,
1527,749,625.21,
1528,749,611.726,
1529,749,609.474,
1530,749,608.032,
1531,749,616.084,
1532,749,608.366,
1533,749,611.298,
1534,749,613.532,
1535,749,613.656,
1536,749,607.294,
1537,749,604.088,
1538,749,603.396,
1539,749,607.952,
1540,749,606.264,
1541,749,608.574,
1542,749,607.774,
1543,749,615.22,
1544,749,614.498,
1545,752,613.51,
1546,752,611.026,
1547,752,608.898,
1548,752,615.598,
1549,752,604.86,
1550,752,608.336,
1551,753,604.432,
1552,753,608.206,
1553,753,602.082,
1554,753,602.43,
1555,753,603.064,
1556,753,603.474,
1557,753,600.082,
1558,753,605.17,
1559,753,600.612,
1560,753,603.128,
1561,753,618.628,
1562,755,624.994,
1563,755,620.382,
1564,755,612.898,
1565,755,605.976,
1566,755,612.792,
1567,755,618.626,
1568,755,615.302,
1569,755,614.874,
1570,755,610.434,
1571,755,610.504,
1572,755,606.584,
1573,755,608.978,
1574,755,608.146,
1575,755,607.524,
1576,755,605.352,
1577,755,610.008,
1578,756,611.616,
1579,756,621.862,
1580,756,617.862,
1581,756,619.634,
1582,756,628.098,
1583,756,618.696,
1584,756,620.432,
1585,756,619.594,
1586,756,617.864,
1587,756,612.988,
1588,756,607.388,
1589,756,616.84,
1590,756,612.768,
1591,756,618.388,
1592,756,612.214,
1593,756,616.434,
1594,756,602.82,
1595,756,615.49,
1596,756,617.37,
1597,756,601.822,
1598,756,604.492,
1599,756,609.19,
1600,756,613.316,
1601,756,602.018,
1602,756,597.75,
1603,756,597.894,
1604,756,602.44,
1605,756,608.568,
1606,756,605.398,
1607,756,595.22,
1608,756,597.912,
1609,756,594.602,
1610,756,592.616,
1611,756,601.806,
1612,756,606.916,
1613,756,605.702,
1614,756,607.24,
1615,756,608.928,
1616,756,610.542,
1617,756,606.654,
1618,756,605.046,
1619,756,609.974,
1620,756,604.624,
1621,756,602.836,
1622,756,599.25,
1623,756,601.664,
1624,756,601.2,
1625,756,600.046,
1626,756,590.042,
1627,756,588.788,
1628,756,588.738,
1629,756,593.556,
1630,756,595.752,
1631,756,598.886,
1632,756,599.636,
1633,756,600.294,
1634,756,600.424,
1635,756,601.216,
1636,756,608.456,
1637,756,614.542,
1638,756,617.55,
1639,756,613.366,
1640,756,608.464,
1641,756,611.372,
1642,756,614.252,
1643,756,612.486,
1644,756,617.114,
1645,756,624.196,
1646,756,623.314,
1647,756,621.346,
1648,756,622.86,
1649,756,624.052,
1650,756,612.458,
1651,756,611.204,
1652,756,610.596,
1653,756,608.242,
1654,756,613.136,
1655,756,615.116,
1656,756,619.826,
1657,756,622.322,
1658,756,620.282,
1659,756,619.512,
1660,756,614.662,
1661,756,611.924,
1662,756,608.558,
1663,756,612.278,
1664,756,620.088,
1665,756,624.484,
1666,756,624.914,
1667,756,624.88,
1668,756,623.516,
1669,756,619.678,
1670,756,622.568,
1671,756,622.12,
1672,756,613.206,
1673,756,610.778,
1674,756,612.914,
1675,756,614.224,
1676,756,614.392,
1677,756,612.028,
1678,756,609.012,
1679,756,601.578,
1680,756,599.79,
1681,756,601.216,
1682,756,604.664,
1683,756,603.972,
1684,756,603.924,
1685,756,604.576,
1686,756,607.848,
1687,756,611.438,
1688,756,611.898,
1689,756,617.3,
1690,756,611.31,
1691,756,614.238,
1692,756,613.818,
1693,756,614.702,
1694,756,611.558,
1695,756,617.482,
1696,756,610.188,
1697,756,621.514,
1698,756,612.932,
1699,756,613.964,
1700,756,610.222,
1701,756,610.922,
1702,756,612.876,
1703,756,615.014,
1704,756,613.644,
1705,756,621.124,
1706,756,605.998,
1707,756,604.782,
1708,756,607.274,
1709,756,603.96,
1710,756,609.422,
1711,756,613.45,
1712,756,613.084,
1713,756,612.654,
1714,756,609.872,
1715,756,602.888,
1716,756,604.038,
1717,756,604.952,
1718,756,608.36,
1719,756,611.484,
1720,757,613.91,
1721,757,608.534,
1722,757,606.336,
1723,757,611.544,
1724,757,609.498,
1725,757,610.244,
1726,757,601.196,
1727,757,611.664,
1728,757,609.338,
1729,757,610.844,
1730,757,614.144,
1731,757,612.224,
1732,757,609.03,
1733,757,609.966,
1734,757,609.72,
1735,757,613.022,
1736,757,612.616,
1737,757,609.308,
1738,757,617.798,
1739,757,612.282,
1740,757,615.906,
1741,757,615.482,
1742,757,616.186,
1743,757,613.398,
1744,757,609.132,
1745,757,610.63,
1746,757,603.456,
1747,757,605.468,
1748,757,602.604,
1749,757,606.43,
1750,757,608.394,
1751,757,606.832,
1752,757,611.994,
1753,757,611.956,
1754,757,615.058,
1755,757,619.642,
1756,757,617.364,
1757,757,624.794,
1758,757,624.02,
1759,757,618.952,
1760,757,616.054,
1761,757,617.442,
1762,757,615.874,
1763,757,615.982,
1764,757,614.304,
1765,757,612.39,
1766,757,611.884,
1767,757,618.228,
1768,757,610.656,
1769,757,609.086,
1770,757,610.216,
1771,757,605.306,
1772,757,605.772,
1773,757,605.05,
1774,757,614.664,
1775,757,605.538,
1776,757,603.61,
1777,757,601.728,
1778,757,610.124,
1779,757,619.944,
1780,757,617.518,
1781,757,607.566,
1782,757,604.652,
1783,757,603.302,
1784,757,597.302,
1785,757,591.308,
1786,757,592.92,
1787,757,591.478,
1788,757,589.564,
1789,757,596.328,
1790,757,606.2,
1791,757,605.288,
1792,757,610.156,
1793,757,609.436,
1794,757,617.464,
1795,757,618.464,
1796,760,609.346,
1797,760,606.57,
1798,760,606.504,
1799,760,598.678,
1800,760,610.854,
1801,760,610.576,
1802,760,613.06,
1803,760,609.886,
1804,760,609.042,
1805,760,614.822,
1806,760,616.668,
1807,760,613.996,
1808,760,616.844,
1809,760,618.914,
1810,760,616.34,
1811,760,607.502,
1812,760,600.47,
1813,760,607.242,
1814,760,621.734,
1815,760,619.362,
1816,760,614.302,
1817,760,609.688,
1818,760,604.586,
1819,760,611.936,
1820,760,607.126,
1821,760,611.014,
1822,760,611.42,
1823,760,605.28,
1824,760,603.912,
1825,760,599.774,
1826,760,601.858,
1827,760,601.746,
1828,760,606.298,
1829,760,608.778,
1830,760,612.808,
1831,760,607.358,
1832,760,602.702,
1833,760,609.302,
1834,760,604.208,
1835,760,604.68,
1836,760,609.03,
1837,760,607.114,
1838,760,610.864,
1839,760,611.568,
1840,760,618.56,
1841,760,627.332,
1842,760,618.32,
1843,760,622.65,
1844,760,614.758,
1845,760,620.28,
1846,760,610.408,
1847,760,603.82,
1848,760,608.696,
1849,760,602.312,
1850,760,605.538,
1851,760,604.898,
1852,760,605.732,
1853,760,612.716,
1854,760,608.968,
1855,760,611.216,
1856,760,616.334,
1857,760,608.578,
1858,760,608.672,
1859,760,613.35,
1860,760,617.644,
1861,760,619.842,
1862,760,618.646,
1863,763,619.738,
1864,763,618.178,
1865,763,612.046,
1866,763,610.704,
1867,763,615.77,
1868,763,617.29,
1869,763,623.536,
1870,763,626.06,
1871,763,614.37,
1872,763,617.78,
1873,763,616.97,
1874,763,615.732,
1875,763,618.436,
1876,763,616.984,
1877,763,608.198,
1878,763,608.068,
1879,763,603.578,
1880,763,602.182,
1881,763,608.864,
1882,763,609.924,
1883,763,613.834,
1884,763,612.784,
1885,763,610.536,
1886,763,608.706,
1887,763,607.2,
1888,763,613.144,
1889,763,612.65,
1890,763,613.526,
1891,763,609.184,
1892,763,607.658,
1893,763,606.272,
1894,763,607.08,
1895,763,607.984,
1896,763,601.322,
1897,763,611.116,
1898,763,609.884,
1899,763,619.892,
1900,763,613.83,
1901,763,617.012,
1902,763,617.966,
1903,763,618.976,
1904,763,607.704,
1905,763,599.494,
1906,763,610.558,
1907,763,604.374,
1908,763,612.55,
1909,763,615.678,
1910,763,618.218,
1911,763,612.92,
1912,763,612.948,
1913,763,612.792,
1914,763,613.352,
1915,764,611.738,
1916,764,618.728,
1917,764,616.41,
1918,764,615.642,
1919,764,611.922,
1920,764,609.388,
1921,764,611.96,
1922,764,610.032,
1923,764,612.07,
1924,764,616.648,
1925,764,614.21,
1926,764,608.528,
1927,764,610.256,
1928,764,608.9,
1929,764,606.844,
1930,764,615.428,
1931,764,616.278,
1932,764,615.018,
1933,764,611.568,
1934,764,615.38,
1935,764,605.084,
1936,764,610.276,
1937,764,614.044,
1938,764,619.382,
1939,764,616.612,
1940,764,627.318,
1941,764,628.882,
1942,764,623.194,
1943,764,617.918,
1944,764,613.534,
1945,764,605.136,
1946,764,605.736,
1947,764,610.078,
1948,764,602.488,
1949,764,608.716,
1950,764,617.474,
1951,764,615.182,
1952,764,610.714,
1953,764,606.712,
1954,764,609.03,
1955,764,609.932,
1956,764,604.624,
1957,764,609.828,
1958,764,610.712,
1959,764,616.802,
1960,764,608.862,
1961,764,610.708,
1962,764,617.65,
1963,764,615.266,
1964,764,613.902,
1965,764,613.864,
1966,764,618.746,
1967,764,609.934,
1968,764,611.83,
1969,764,613.924,
1970,764,617.258,
1971,764,617.47,
1972,764,616.808,
1973,764,613.114,
1974,764,619.06,
1975,764,615.668,
1976,764,621.896,
1977,764,615.82,
1978,764,610.416,
1979,764,605.532,
1980,764,606.494,
1981,764,609.318,
1982,764,604.886,
1983,764,598.526,
1984,764,597.968,
1985,764,605.88,
1986,764,605.754,
1987,764,605.78,
1988,764,598.514,
1989,764,605.882,
1990,764,613.362,
1991,764,617.936,
1992,764,617.712,
1993,764,623.042,
1994,764,623.114,
1995,764,619.854,
1996,764,617.966,
1997,764,613.944,
1998,764,613.032,
1999,764,614.198,
2000,764,618.584,
2001,764,613.666,
2002,764,608.94,
2003,764,608.61,
2004,764,608.136,
2005,764,605.35,
2006,764,596.416,
2007,764,597.416,
2008,764,597.244,
2009,764,608.866,
2010,764,606.428,
2011,764,618.55,
2012,764,623.402,
2013,764,611.326,
2014,764,616.034,
2015,764,611.592,
2016,764,619.442,
2017,764,613.432,
2018,764,613.41,
2019,764,609.522,
2020,764,621.004,
2021,764,625.444,
2022,764,624.238,
2023,764,617.418,
2024,764,621.934,
2025,764,615.68,
2026,764,619.094,
2027,764,627.242,
2028,764,628.324,
2029,764,624.928,
2030,764,628.69,
2031,764,625.784,
2032,764,621.594,
2033,764,622.496,
2034,764,617.438,
2035,764,615.83,
2036,764,620.576,
2037,764,616.722,
2038,764,627.38,
2039,764,625.922,
2040,764,614.84,
2041,764,619.216,
2042,764,623.07,
2043,764,622.596,
2044,764,625.688,
2045,764,630.892,
2046,764,629.266,
2047,764,622.558,
2048,764,621.036,
2049,764,620.16,
2050,764,630.856,
2051,764,631.606,
2052,765,628.358,
2053,765,617.188,
2054,765,620.456,
2055,765,619.464,
2056,765,616.518,
2057,765,625.448,
2058,765,620.25,
2059,765,611.086,
2060,765,619.366,
2061,765,624.208,
2062,765,628.64,
2063,765,616.956,
2064,765,622.27,
2065,765,633.698,
2066,765,626.082,
2067,765,619.524,
2068,766,622.612,
2069,766,612.896,
2070,766,615.036,
2071,766,613.494,
2072,766,609.44,
2073,766,609.234,
2074,766,617.16,
2075,766,620.934,
2076,766,625.502,
2077,766,624.05,
2078,766,626.192,
2079,766,615.502,
2080,766,616.22,
2081,766,619.506,
2082,766,614.304,
2083,766,610.068,
2084,766,619.098,
2085,766,614.37,
2086,766,615.878,
2087,766,623.148,
2088,766,615.606,
2089,766,624.546,
2090,766,630.356,
2091,766,625.046,
2092,766,620.876,
2093,766,631.116,
2094,766,632.244,
2095,766,624.88,
2096,766,624.916,
2097,766,625.336,
2098,766,627.258,
2099,766,624.76,
2100,766,629.058,
2101,766,627.388,
2102,766,625.84,
2103,766,622.68,
2104,766,625.806,
2105,766,626.446,
2106,766,623.494,
2107,766,613.348,
2108,766,627.176,
2109,766,617.738,
2110,766,629.438,
2111,766,622.986,
2112,766,627.776,
2113,766,628.506,
2114,766,631.542,
2115,766,628.162,
2116,766,621.652,
2117,766,621.804,
2118,766,634.094,
2119,766,621.938,
2120,766,625.29,
2121,766,618.4,
2122,766,614.436,
2123,766,625.448,
2124,766,627.05,
2125,766,629.236,
2126,766,624.618,
2127,766,626.708,
2128,766,618.798,
2129,766,619.134,
2130,766,625.17,
2131,766,618.248,
2132,766,618.056,
2133,766,629.608,
2134,766,636.978,
2135,766,627.944,
2136,766,635.056,
2137,766,631.59,
2138,766,623.312,
2139,766,626.866,
2140,766,616.982,
2141,766,625.006,
2142,766,614.046,
2143,766,615.236,
2144,766,617.668,
2145,766,624.05,
2146,766,623.38,
2147,766,617.938,
2148,766,617.132,
2149,766,616.598,
2150,766,614.768,
2151,766,616.808,
2152,766,611.292,
2153,766,614.302,
2154,766,608.9,
2155,766,600.692,
2156,766,607.75,
2157,766,610.496,
2158,766,608.498,
2159,766,610.19,
2160,766,604.528,
2161,766,606.898,
2162,766,602.914,
2163,766,607.126,
2164,766,604.496,
2165,766,608.126,
2166,766,612.964,
2167,766,610.386,
2168,766,602.16,
2169,766,609.1,
2170,766,607.008,
2171,766,613.662,
2172,766,612.23,
2173,766,612.668,
2174,766,610.838,
2175,766,610.522,
2176,766,615.258,
2177,766,620.792,
2178,766,614.38,
2179,766,617.438,
2180,766,623.302,
2181,766,617.05,
2182,766,623.51,
2183,766,619.688,
2184,766,614.2,
2185,766,622.164,
2186,766,614.246,
2187,766,610.652,
2188,766,609.774,
2189,766,611.234,
2190,766,615.538,
2191,766,621.35,
2192,766,626.812,
2193,766,626.812,
2194,766,621.99,
2195,766,624.146,
2196,766,624.86,
2197,766,625.366,
2198,766,625.89,
2199,766,635.648,
2200,766,626.664,
2201,766,634.648,
2202,766,628.792,
2203,766,624.564,
2204,766,627.68,
2205,766,629.366,
2206,766,629.53,
2207,766,628.146,
2208,766,631.842,
2209,766,629.204,
2210,766,627.122,
2211,766,625.684,
2212,766,624.47,
2213,766,616.516,
2214,766,622.378,
2215,766,617.422,
2216,766,609.258,
2217,766,615.678,
2218,766,611.072,
2219,766,611.886,
2220,766,618.952,
2221,766,625.544,
2222,766,623.812,
2223,766,623.96,
2224,766,618.424,
2225,766,621.328,
2226,766,621.008,
2227,766,621.69,
2228,766,619.918,
2229,766,621.178,
2230,766,617.704,
2231,766,615.546,
2232,766,619.238,
2233,766,622.864,
2234,766,625.012,
2235,766,619.592,
2236,766,619.856,
2237,766,616.722,
2238,767,617.5,
2239,767,611.884,
2240,767,621.462,
2241,767,622.91,
2242,767,615.3,
2243,767,620.222,
2244,767,618.404,
2245,767,609.648,
2246,767,604.984,
2247,767,616.068,
2248,767,617.594,
2249,767,618.116,
2250,767,613.42,
2251,767,617.578,
2252,767,619.34,
2253,767,617.578,
2254,767,616.908,
2255,767,617.192,
2256,767,614.346,
2257,767,617.004,
2258,767,617.57,
2259,767,615.474,
2260,767,608.208,
2261,767,617.442,
2262,767,610.602,
2263,767,611.724,
2264,767,604.568,
2265,767,609.128,
2266,767,607.82,
2267,767,609.59,
2268,767,608.182,
2269,767,612.168,
2270,767,614.582,
2271,767,610.006,
2272,767,610.662,
2273,767,613.216,
2274,767,616.238,
2275,767,615.762,
2276,767,619.236,
2277,767,618.296,
2278,767,624.984,
2279,767,625.61,
2280,767,623.09,
2281,767,614.768,
2282,767,614.496,
2283,767,621.186,
2284,767,614.194,
2285,767,612.71,
2286,767,614.752,
2287,767,614.84,
2288,767,615.29,
2289,767,613.036,
2290,767,614.054,
2291,767,617.812,
2292,767,623.034,
2293,767,619.564,
2294,767,624.276,
2295,767,625.1,
2296,767,618.528,
2297,767,625.342,
2298,767,623.502,
2299,767,619.288,
2300,767,622.534,
2301,767,621.946,
2302,767,617.484,
2303,767,610.96,
2304,767,613.092,
2305,767,612.642,
2306,767,611.17,
2307,767,608.572,
2308,767,608.716,
2309,767,613.294,
2310,767,611.912,
2311,767,602.34,
2312,767,605.276,
2313,767,604.698,
2314,767,611.986,
2315,767,620.996,
2316,767,617.842,
2317,767,616.418,
2318,767,617.028,
2319,767,613.372,
2320,767,610.52,
2321,767,617.428,
2322,767,623.056,
2323,767,621.606,
2324,767,624.592,
2325,767,621.886,
2326,767,616.424,
2327,767,618.586,
2328,767,617.996,
2329,767,619.838,
2330,767,621.368,
2331,767,623.422,
2332,767,620.722,
2333,767,624.904,
2334,767,627.612,
2335,767,626.498,
2336,767,625.41,
2337,767,624.55,
2338,767,632.59,
2339,767,633.294,
2340,767,635.566,
2341,767,637.484,
2342,767,640.91,
2343,767,633.494,
2344,767,628.198,
2345,767,631.978,
2346,767,634.82,
2347,767,633.652,
2348,767,633.218,
2349,767,636.726,
2350,767,625.808,
2351,767,624.964,
2352,767,629.064,
2353,767,624.578,
2354,767,621.77,
2355,767,618.432,
2356,767,606.462,
2357,767,609.73,
2358,767,612.678,
2359,767,612.75,
2360,767,616.962,
2361,767,617.662,
2362,767,617.726,
2363,767,621.986,
2364,767,615.444,
2365,767,612.238,
2366,767,623.968,
2367,767,620.426,
2368,767,627.644,
2369,767,624.23,
2370,767,625.416,
2371,767,628.24,
2372,767,618.524,
2373,767,629.444,
2374,767,626.266,
2375,767,621.718,
2376,767,610.354,
2377,767,615.646,
2378,767,618.604,
2379,767,610.372,
2380,767,612.17,
2381,767,615.32,
2382,767,616.7,
2383,767,608.706,
2384,767,609.81,
2385,767,614.328,
2386,767,614.794,
2387,767,606.478,
2388,767,618.294,
2389,767,615.81,
2390,767,611.794,
2391,767,621.858,
2392,767,620.824,
2393,767,620.158,
2394,767,624.546,
2395,767,623.632,
2396,767,627.546,
2397,767,629.77,
2398,767,625.098,
2399,767,620.976,
2400,767,624.938,
2401,767,620.996,
2402,767,620.996,
2403,767,620.124,
2404,767,618.382,
2405,767,617.254,
2406,767,615.962,
2407,767,621.32,
2408,767,621.536,
2409,767,621.484,
2410,769,622.754,
2411,769,620.098,
2412,769,614.444,
2413,769,615.324,
2414,769,612.248,
2415,769,604.386,
2416,769,607.26,
2417,769,615.66,
2418,769,620.892,
2419,769,622.946,
2420,769,622.984,
2421,769,619.046,
2422,769,608.502,
2423,769,614.618,
2424,769,609.24,
2425,769,615.656,
2426,769,613.818,
2427,769,615.76,
2428,769,621.794,
2429,769,616.816,
2430,769,616.398,
2431,769,619.748,
2432,769,614.544,
2433,769,621.888,
2434,769,627.288,
2435,769,622.578,
2436,769,618.886,
2437,769,622.726,
2438,769,620.168,
2439,769,622.184,
2440,769,615.836,
2441,769,609.79,
2442,769,608.488,
2443,769,607.374,
2444,769,601.088,
2445,769,595.068,
2446,769,598.636,
2447,769,600.88,
2448,769,596.668,
2449,769,602.78,
2450,769,595.636,
2451,769,599.402,
2452,769,604.228,
2453,769,603.014,
2454,769,616.1,
2455,769,617.186,
2456,769,617.378,
2457,769,625.856,
2458,769,626.682,
2459,769,625.226,
2460,769,622.64,
2461,769,626.824,
2462,769,625.556,
2463,769,620.188,
2464,769,615.462,
2465,769,623.092,
2466,769,619.106,
2467,769,616.576,
2468,769,623.452,
2469,769,625.22,
2470,769,629.088,
2471,769,629.538,
2472,769,623.058,
2473,769,624.716,
2474,769,620.346,
2475,769,622.156,
2476,769,631.064,
2477,769,623.302,
2478,769,630.204,
2479,769,623.824,
2480,769,632.602,
2481,769,630.404,
2482,769,623.948,
2483,769,625.014,
2484,769,623.692,
2485,769,620.788,
2486,769,605.67,
2487,769,615.344,
2488,769,611.538,
2489,769,615.444,
2490,769,621.542,
2491,769,616.366,
2492,769,622.134,
2493,769,630.362,
2494,769,637.258,
2495,769,637.962,
2496,769,635.996,
2497,769,635.654,
2498,769,640.3,
2499,769,646.654,
2500,769,631.916,

test fitness
724